<?xml version="1.0" encoding="UTF-8"?>
<GenRun Id="synth_1" LaunchPart="xc7a35tcpg236-1" LaunchTime="1630988574">
  <File Type="PA-TCL" Name="logic_intro_wrapper.tcl"/>
  <File Type="RDS-PROPCONSTRS" Name="logic_intro_wrapper_drc_synth.rpt"/>
  <File Type="REPORTS-TCL" Name="logic_intro_wrapper_reports.tcl"/>
  <File Type="RDS-RDS" Name="logic_intro_wrapper.vds"/>
  <File Type="RDS-UTIL" Name="logic_intro_wrapper_utilization_synth.rpt"/>
  <File Type="RDS-UTIL-PB" Name="logic_intro_wrapper_utilization_synth.pb"/>
  <File Type="RDS-DCP" Name="logic_intro_wrapper.dcp"/>
  <File Type="VDS-TIMINGSUMMARY" Name="logic_intro_wrapper_timing_summary_synth.rpt"/>
  <File Type="VDS-TIMING-PB" Name="logic_intro_wrapper_timing_summary_synth.pb"/>
  <FileSet Name="sources" Type="DesignSrcs" RelSrcDir="$PSRCDIR/sources_1" RelGenDir="$PGENDIR/sources_1">
    <Filter Type="Srcs"/>
    <File Path="$PSRCDIR/sources_1/bd/logic_intro/logic_intro.bd">
      <FileInfo>
        <Attr Name="UsedIn" Val="synthesis"/>
        <Attr Name="UsedIn" Val="implementation"/>
        <Attr Name="UsedIn" Val="simulation"/>
      </FileInfo>
    </File>
    <File Path="$PGENDIR/sources_1/bd/logic_intro/hdl/logic_intro_wrapper.v">
      <FileInfo>
        <Attr Name="UsedIn" Val="synthesis"/>
        <Attr Name="UsedIn" Val="implementation"/>
        <Attr Name="UsedIn" Val="simulation"/>
      </FileInfo>
    </File>
    <Config>
      <Option Name="DesignMode" Val="RTL"/>
      <Option Name="TopModule" Val="logic_intro_wrapper"/>
      <Option Name="TopAutoSet" Val="TRUE"/>
    </Config>
  </FileSet>
  <FileSet Name="constrs_in" Type="Constrs" RelSrcDir="$PSRCDIR/constrs_1">
    <Filter Type="Constrs"/>
    <Config>
      <Option Name="ConstrsType" Val="XDC"/>
    </Config>
  </FileSet>
  <FileSet Name="utils" Type="Utils" RelSrcDir="$PSRCDIR/utils_1">
    <Filter Type="Utils"/>
    <Config>
      <Option Name="TopAutoSet" Val="TRUE"/>
    </Config>
  </FileSet>
  <Strategy Version="1" Minor="2">
    <StratHandle Name="Vivado Synthesis Defaults" Flow="Vivado Synthesis 2020">
      <Desc>Vivado Synthesis Defaults</Desc>
    </StratHandle>
    <Step Id="synth_design"/>
  </Strategy>
</GenRun>
